<?xml version="1.0" encoding="UTF-8"?>
<!DOCTYPE mapper PUBLIC "-//mybatis.org//DTD Mapper 3.0//EN" "http://mybatis.org/dtd/mybatis-3-mapper.dtd">
<mapper namespace="com.neuedu.mall.mapper.admin.MenuMapper">
    <select id="getMenuListByUserId"
            parameterType="java.lang.Integer"
            resultType="com.neuedu.mall.pojo.vo.admin.MenuVo">
        SELECT A.id,
        A.parent_id,
        A.menu_name,
        A.menu_component,
        A.menu_icon,
        A.menu_path,
        A.menu_state,
        A.create_time
        FROM menu AS A
        <if test="userId != null and userId != 0">
            INNER JOIN role_menu rm on A.id = rm.menu_id
            INNER JOIN role_user ru on rm.role_id = ru.role_id
        </if>
        <include refid="where"/>
    </select>

    <sql id="where">
        <where>
            menu_state = 1
            <if test="userId != null and userId != 0">
                AND ru.user_id = #{userId}
            </if>
        </where>
    </sql>
</mapper>
