<?xml version="1.0" encoding="UTF-8"?>
<!DOCTYPE mapper PUBLIC "-//mybatis.org//DTD Mapper 3.0//EN" "http://mybatis.org/dtd/mybatis-3-mapper.dtd">
<mapper namespace="com.neuedu.mall.mapper.user.AreaMapper">
    <select id="queryAreaList"
            parameterType="com.neuedu.mall.pojo.model.user.AreaModel"
            resultType="com.neuedu.mall.pojo.vo.user.AreaVo">
        select A.id, A.area_no,
        A.area_name, A.parent_id,
        B.area_name as parent_name,
        A.create_time,A.area_type,
        A.update_time
        FROM area A LEFT JOIN area B on a.parent_id = b.id
        <include refid="where"/>
    </select>

    <sql id="where">
        <where>
            <if test="areaName != null and areaName != ''">
                AND A.area_name LIKE concat('%',#{areaName},'%')
            </if>
            <if test="areaType != null and areaName != 0">
                AND A.area_type LIKE concat('%',#{areaType},'%')
            </if>
        </where>
    </sql>
</mapper>
