<?xml version="1.0" encoding="UTF-8"?>
<!DOCTYPE mapper PUBLIC "-//mybatis.org//DTD Mapper 3.0//EN" "http://mybatis.org/dtd/mybatis-3-mapper.dtd">
<mapper namespace="com.neuedu.mall.mapper.community.ComplaintMapper">
    <select id="getComplaintList"
            parameterType="com.neuedu.mall.pojo.model.community.ComplaintModel"
            resultType="com.neuedu.mall.pojo.vo.community.ComplaintVo">
        SELECT A.id,
               A.complaint_content,
               A.complaint_status,
               A.create_time,
               A.update_time
        FROM complaint AS A
        <where>
            <if test="userId != null and userId != 0">
                AND user_id = #{userId}
            </if>
            <if test="complaintStatus != null">
                AND complaint_status = #{complaintStatus}
            </if>
        </where>
        order by A.create_time DESC
    </select>
</mapper>
