<?xml version="1.0" encoding="UTF-8"?>
<!DOCTYPE mapper PUBLIC "-//mybatis.org//DTD Mapper 3.0//EN" "http://mybatis.org/dtd/mybatis-3-mapper.dtd">
<mapper namespace="com.neuedu.mall.mapper.community.NoticeMapper">
    <select id="getNoticeList"
            parameterType="java.lang.Integer"
            resultType="com.neuedu.mall.pojo.vo.community.NoticeVo">
        SELECT A.id,
               A.notice_title,
               A.notice_content,
               case when nr.notice_id is null then 0 else 1 end as is_read,
               A.create_time
        FROM notice AS A
                 LEFT JOIN
                 (select notice_id, user_id from notice_record where user_id = #{userId}) nr
                 on A.id = nr.notice_id
        WHERE A.notice_status = 1
        order by A.create_time DESC
    </select>

    <select id="getNoticeManageList"
            parameterType="com.neuedu.mall.pojo.model.community.NoticeModel"
            resultType="com.neuedu.mall.pojo.vo.community.NoticeVo">
        select t.* from (
        SELECT A.id,
               A.notice_title,
               A.notice_content,
               A.notice_status,
                count(1) as read_cnt,
               A.create_time,
               A.update_time
        FROM notice AS A
                 LEFT JOIN
                notice_record nr
                 on A.id = nr.notice_id
        group by A.id) t
        <where>
            <if test="noticeStatus != null">
                AND notice_status = #{noticeStatus}
            </if>
        </where>
        order by t.create_time DESC
    </select>
</mapper>
