<?xml version="1.0" encoding="UTF-8"?>
<!DOCTYPE mapper PUBLIC "-//mybatis.org//DTD Mapper 3.0//EN" "http://mybatis.org/dtd/mybatis-3-mapper.dtd">
<mapper namespace="com.neuedu.mall.mapper.community.ParkingMapper">
    <select id="getParkingList"
            parameterType="java.lang.Integer"
            resultType="com.neuedu.mall.pojo.vo.community.ParkingVo">
        SELECT * FROM (
                              SELECT a.id,
                              a.parking_name,
                              a.parking_status,
                              a.parking_type,
                              a.create_time,
                              GROUP_CONCAT( DISTINCT  b.license_plate  SEPARATOR ',' )  as license_plates
                       FROM parking a
                                left join parking_bind b on a.id = b.parking_id
                       WHERE A.parking_status = 1
                       AND a.user_id = #{userId}
                       group by a.id) T
        order by create_time desc
    </select>

    <select id="getParkingManageList"
            parameterType="com.neuedu.mall.pojo.model.community.ParkingModel"
            resultType="com.neuedu.mall.pojo.vo.community.ParkingVo">
        SELECT * FROM (
                          SELECT a.id,
                                 a.parking_name,
                                 a.user_id,
                                 a.parking_status,
                                 a.parking_type,
                                 a.create_time,
                                 GROUP_CONCAT( DISTINCT  b.license_plate  SEPARATOR ',' )  as license_plates
                          FROM parking a
                                   left join parking_bind b on a.id = b.parking_id
                        <where>
                            <if test="parkingType != null">
                                AND parking_type = #{parkingType}
                            </if>
                        </where>
                          group by a.id) T
        order by create_time desc
    </select>
</mapper>
