<?xml version="1.0" encoding="UTF-8"?>
<!DOCTYPE mapper PUBLIC "-//mybatis.org//DTD Mapper 3.0//EN" "http://mybatis.org/dtd/mybatis-3-mapper.dtd">
<mapper namespace="com.neuedu.mall.mapper.community.VisitorMapper">
    <select id="getVisitorList"
            parameterType="java.lang.Integer"
            resultType="com.neuedu.mall.pojo.vo.community.VisitorVo">
        SELECT a.id,
               a.visitor_objective,
               a.visitor_time,
               a.visitor_status,
               a.create_time
        FROM visitor a
        WHERE a.user_id = #{userId}
        order by create_time desc
    </select>

    <select id="getVisitorManageList"
            parameterType="com.neuedu.mall.pojo.model.community.VisitorModel"
            resultType="com.neuedu.mall.pojo.vo.community.VisitorVo">
        SELECT a.id,
               a.visitor_objective,
               a.visitor_time,
               a.visitor_status,
               a.user_id,
               a.create_time,
               a.update_time
        FROM visitor a
        <where>
            <if test="visitorStatus != null">
                AND visitor_status = #{visitorStatus}
            </if>
        </where>
        order by create_time desc
    </select>
</mapper>
