<?xml version="1.0" encoding="UTF-8"?>
<!DOCTYPE mapper PUBLIC "-//mybatis.org//DTD Mapper 3.0//EN" "http://mybatis.org/dtd/mybatis-3-mapper.dtd">
<mapper namespace="com.neuedu.mall.mapper.order.OrderMapper">
    <select id="queryOrderList"
            parameterType="com.neuedu.mall.pojo.model.order.OrderSearchModel"
            resultType="com.neuedu.mall.pojo.vo.order.OrderVo">
        SELECT A.id,
        A.order_no,
        A.create_time,
        A.update_time,
        A.delivery_type,
        A.order_state,
        A.payment_type,
        A.payment_subtype,
        A.total_price,
        A.user_id,
        u.user_name
        FROM orders AS A
        INNER JOIN user u on A.user_id = u.id
        <include refid="where"/>
        order by A.create_time desc
    </select>

    <sql id="where">
        <where>
            <if test="userId != null and userId != 0">
                A.user_id = #{userId}
            </if>
            <if test="orderNo != null and orderNo != ''">
                AND A.order_no LIKE concat('%',#{orderNo},'%')
            </if>
            <if test="orderState != null and orderState != ''">
                AND A.order_state = #{orderState}
            </if>
            <if test="startDate != null and startDate != ''">
                AND (DATE_FORMAT(A.create_time,'%Y-%m-%d') <![CDATA[>=]]> #{startDate}
                OR DATE_FORMAT(A.update_time,'%Y-%m-%d') <![CDATA[>=]]> #{startDate}
                )
            </if>
            <if test="endDate != null and endDate != ''">
                AND (DATE_FORMAT(A.create_time,'%Y-%m-%d') <![CDATA[<=]]> #{endDate}
                OR DATE_FORMAT(A.update_time,'%Y-%m-%d') <![CDATA[<=]]> #{endDate}
                )
            </if>
        </where>
    </sql>

    <update id="batchSendOutByOrderNoList"
            parameterType="java.util.List">
        update orders
        set order_state = 3
        where order_no in
        <foreach collection="list" index="index" item="item" open="(" separator="," close=")">
            #{item}
        </foreach>
    </update>
</mapper>
