<?xml version="1.0" encoding="UTF-8"?>
<!DOCTYPE mapper PUBLIC "-//mybatis.org//DTD Mapper 3.0//EN" "http://mybatis.org/dtd/mybatis-3-mapper.dtd">
<mapper namespace="com.neuedu.mall.mapper.admin.RoleMapper">
    <select id="getRoleList"
            parameterType="com.neuedu.mall.pojo.model.admin.RoleModel"
            resultType="com.neuedu.mall.pojo.vo.admin.RoleVo">
        SELECT A.id,
        A.role_name,
        A.role_desc,
        A.role_state,
        A.create_time,
        A.update_time
        FROM role AS A
        <include refid="where"/>
        order by A.create_time,A.update_time desc
    </select>

    <sql id="where">
        <where>
            <if test="roleDesc != null and roleDesc != ''">
                AND A.role_desc LIKE concat('%',#{roleDesc},'%')
            </if>
        </where>
    </sql>
</mapper>
