<?xml version="1.0" encoding="UTF-8"?>
<!DOCTYPE mapper PUBLIC "-//mybatis.org//DTD Mapper 3.0//EN" "http://mybatis.org/dtd/mybatis-3-mapper.dtd">
<mapper namespace="com.neuedu.mall.mapper.log.PortalWalletLogMapper">
    <select id="getWalletLogList"
            parameterType="com.neuedu.mall.pojo.model.log.WalletLogSearchModel"
            resultType="com.neuedu.mall.pojo.vo.log.WalletLogVo">
        SELECT A.id,
        A.wallet_id,
        A.order_no,
        A.amount,
        A.type,
        A.state,
        A.create_time
        FROM portal_wallet_log AS A
        <include refid="where"/>
        order by A.create_time desc
    </select>

    <sql id="where">
        <where>
            A.wallet_id = #{walletId}
            <if test="type != null and type != 0">
                AND A.type = #{type}
            </if>
            <if test="state != null and state != 0">
                AND A.state = #{state}
            </if>
            <if test="startDate != null and startDate != ''">
                AND (DATE_FORMAT(A.create_time,'%Y-%m-%d') <![CDATA[>=]]> #{startDate}
                )
            </if>
            <if test="endDate != null and endDate != ''">
                AND (DATE_FORMAT(A.create_time,'%Y-%m-%d') <![CDATA[<=]]> #{endDate}
                )
            </if>
        </where>
    </sql>
</mapper>
